train_loss,step,epoch,val_qa_sas,val_qa_bert_score,val_loss,val_qa_em,val_qa_answer_f1
1.7010046243667603,9,0,,,,,
1.2888039350509644,19,0,,,,,
0.948127806186676,29,0,,,,,
0.9859007000923157,39,0,,,,,
,40,0,0.21787886321544647,0.7742812633514404,0.5985977649688721,0.1627907007932663,0.24122987687587738
0.660953164100647,49,1,,,,,
