train_loss,epoch,step
4.6967668533325195,0,9
3.6677403450012207,0,19
