train_loss,step,epoch
0.5947973728179932,9,0
0.2877400815486908,19,0
0.518617570400238,29,0
0.2107970118522644,39,0
0.17944495379924774,49,0
0.13097958266735077,59,0
0.10666625946760178,69,0
0.09250502288341522,79,0
