step,epoch,train_loss,val_qa_answer_f1,val_qa_bert_score,val_loss,val_qa_sas,val_qa_em
9,0,3.517428159713745,,,,,
19,0,2.9590868949890137,,,,,
29,0,2.7736458778381348,,,,,
39,0,2.2454683780670166,,,,,
49,0,1.8247973918914795,,,,,
51,0,,0.18312504887580872,0.7337051630020142,2.4444189071655273,0.20488688349723816,0.09292035549879074
59,1,2.7090914249420166,,,,,
69,1,2.69272780418396,,,,,
79,1,2.444973945617676,,,,,
89,1,2.4384918212890625,,,,,
99,1,1.6691049337387085,,,,,
